{"cameraMode":{"drawMode":0,"name":"Shaded","section":"Shading Mode"},"sceneLighting":true,"audioPlay":false,"sceneViewState":{"m_AlwaysRefresh":false,"showFog":true,"showSkybox":true,"showFlares":true,"showImageEffects":true,"showParticleSystems":true,"showVisualEffectGraphs":true,"m_FxEnabled":true},"in2DMode":false,"pivot":{"x":0.43922385573387148,"y":3.608726739883423,"z":12.028693199157715},"rotation":{"x":0.006460756063461304,"y":-0.993574321269989,"z":0.08515947312116623,"w":0.0749564841389656},"size":4.576131820678711,"orthographic":true}