{"cameraMode":{"drawMode":0,"name":"Shaded","section":"Shading Mode"},"sceneLighting":true,"audioPlay":false,"sceneViewState":{"m_AlwaysRefresh":false,"showFog":true,"showSkybox":true,"showFlares":true,"showImageEffects":true,"showParticleSystems":true,"showVisualEffectGraphs":true,"m_FxEnabled":true},"in2DMode":false,"pivot":{"x":27.690258026123048,"y":43.46883010864258,"z":-19.145261764526368},"rotation":{"x":-0.0004442473000381142,"y":-0.8119822144508362,"z":-0.011028033681213856,"w":-0.5848615765571594},"size":42.30677795410156,"orthographic":false}