{"cameraMode":{"drawMode":0,"name":"Shaded","section":"Shading Mode"},"sceneLighting":true,"audioPlay":false,"sceneViewState":{"m_AlwaysRefresh":false,"showFog":true,"showSkybox":true,"showFlares":true,"showImageEffects":true,"showParticleSystems":true,"showVisualEffectGraphs":true,"m_FxEnabled":true},"in2DMode":false,"pivot":{"x":-20.636306762695314,"y":37.70057678222656,"z":4.928033828735352},"rotation":{"x":0.03230105713009834,"y":0.27382832765579226,"z":0.009234481491148472,"w":-0.9612370729446411},"size":12.794398307800293,"orthographic":false}