{"cameraMode":{"drawMode":0,"name":"Shaded","section":"Shading Mode"},"sceneLighting":true,"audioPlay":false,"sceneViewState":{"m_AlwaysRefresh":false,"showFog":true,"showSkybox":true,"showFlares":true,"showImageEffects":true,"showParticleSystems":true,"showVisualEffectGraphs":true,"m_FxEnabled":true},"in2DMode":false,"pivot":{"x":23.035139083862306,"y":36.379207611083987,"z":2.4945263862609865},"rotation":{"x":-0.23057377338409425,"y":-0.392450749874115,"z":0.10230083018541336,"w":-0.8845230937004089},"size":52.30303955078125,"orthographic":true}