{"cameraMode":{"drawMode":0,"name":"Shaded","section":"Shading Mode"},"sceneLighting":true,"audioPlay":false,"sceneViewState":{"m_AlwaysRefresh":false,"showFog":true,"showSkybox":true,"showFlares":true,"showImageEffects":true,"showParticleSystems":true,"showVisualEffectGraphs":true,"m_FxEnabled":true},"in2DMode":false,"pivot":{"x":0.4007519781589508,"y":-17.13340950012207,"z":-6.794890403747559},"rotation":{"x":0.0017095585353672505,"y":0.8552330732345581,"z":-0.5182597041130066,"w":0.002824014751240611},"size":21.349205017089845,"orthographic":false}